title,views
Cookie_(informatique),532375
Spécial:Recherche,162578
Soudan_du_Sud,65925
André_Santini,65872
Tadej_Pogačar,55758
Marie-Paule_Belle,53257
Mathieu_van_der_Poel,52374
XXX,49350
Edgar_Morin,37780
Ligue_des_champions_de_l'UEFA,37744
L'Été_36_(série_télévisée),37101
Yan_Diomandé,36755
"L'Odyssée_(film,_2026)",34679
Diane_Parry,33696
Félix_Auger-Aliassime,32331
"Fame_(film,_1980)",31109
Il_était_une_fois_la_révolution,30402
Frances_Tiafoe,29759
Odyssée,29626
Karl_Olive,29314
Heureux_Gagnants,28565
Luis_Enrique,28201
Aryna_Sabalenka,27842
Maja_Chwalińska,27685
Le_Jour_le_plus_long,27173
Lionel_Messi,26979
Naomi_Osaka,26649
Bee_Gees,26594
Incendie_de_la_forêt_des_Landes_de_1949,25336
Yoann_Offredo,24336
Paul_Seixas,22959
Fichier:Transdev_logo_2018.png,22782
Françoise_Mallet-Joris,22777
Greg_LeMond,22390
Fichier:France_relief_location_map.jpg,22254
Coupe_du_monde_de_football_2026,21986
Feux_de_forêt_de_2026_en_Gironde_et_dans_les_Landes,21754
Paris_Saint-Germain_Football_Club,21311
Forteresse_de_Beaufort,20831
Marion_Rousse,20762
Irene_Cara,20399
Matteo_Berrettini,19759
Matteo_Arnaldi,18874
Flavio_Cobolli,18788
Ousmane_Dembélé,18569
Tour_de_France,18364
Le_Porge,18173
Tour_de_France_2026,18123
Laurent_Voulzy,17412
Julian_Alaphilippe,16710
Barry_Gibb,16521
Kylian_Mbappé,16494
Liste_de_sondages_sur_l'élection_présidentielle_française_de_2027,16286
Canadair_CL-415,15908
Christopher_Nolan,15892
Ulysse,15832
Feux_de_forêt_de_2022_en_Gironde,15647
GIGN_(mini-série),15541
Rafael_Nadal,15458
Palmarès_du_Tour_de_France,15382
Sa_Majesté_des_mouches,15235
Ester_Expósito,15229
Thomas_Cazenave,15167
Marquinhos,14834
Gene_Anthony_Ray,14815
Sophie_Brocas,14799
Zachary_Svajda,14674
France,14605
Patrick_Bruel,14368
YouTube,14225
Callum_Turner,14124
Davide_Ancelotti,14039
Steven_Spielberg,13894
Anastasia_Potapova,13784
Anna_Kalinskaya,13573
Désiré_Doué,13466
Aya_Nakamura,13455
Laurent_Fignon,13418
Élections_consulaires_françaises_de_2026,13389
Marilyn_Monroe,13296
Maurice_Gibb,12963
Bordeaux,12795
Michael_Jackson,12652
Remco_Evenepoel,12364
Dua_Lipa,12323
Nasser_al-Khelaïfi,12255
John_Travolta,12070
La_Fièvre_du_samedi_soir,11990
James_Coburn,11971
Robin_Gibb,11878
Le_Cerveau,11775
Affaire_Troadec,11387
XNXX,11372
Philippe_Leclerc_de_Hauteclocque,11366
Rod_Steiger,11130
Lance_Armstrong,10946
Isaac_Del_Toro,10941
Andy_Gibb,10912
Cristiano_Ronaldo,10910
Achraf_Hakimi,10848
