"EnterpriseNumber","Status","JuridicalSituation","TypeOfEnterprise","JuridicalForm","JuridicalFormCAC","StartDate"
"0405.404.273","AC","091","2","610",,01-01-1968
"0428.198.481","AC","000","2","610",,02-12-1985
"0435.569.788","AC","000","2","610",,24-10-1988
"0448.948.662","AC","000","2","610",,26-11-1992
"0449.341.117","AC","000","2","011",,01-02-1993
"0533.899.579","AC","000","2","610",,06-05-2013
"0537.548.660","AC","000","1",,,20-07-2026
"0563.735.096","AC","000","1",,,02-07-2026
"0589.622.814","AC","000","1",,,01-07-2026
"0589.994.481","AC","091","1",,,19-01-2015
"0631.689.140","AC","000","1",,,18-05-2015
"0631.949.951","AC","000","2","610",,11-06-2015
"0635.718.006","AC","012","2","011",,24-08-2015
"0642.807.617","AC","012","2","017",,10-11-2015
"0651.735.080","AC","000","1",,,27-07-2026
"0656.661.393","AC","000","1",,,07-07-2026
"0659.820.229","AC","000","2","610",,20-07-2016
"0666.482.149","AC","000","2","610",,18-11-2016
"0672.935.124","AC","000","2","610",,23-03-2017
"0678.395.234","AC","000","1",,,06-07-2026
"0678.577.059","AC","000","1",,,13-07-2026
"0685.381.313","AC","000","1",,,22-07-2026
"0698.798.589","AC","000","2","012","612",26-06-2018
"0729.733.275","AC","000","1",,,02-07-2026
"0739.386.260","AC","000","1",,,18-07-2026
"0742.517.380","AC","000","1",,,27-07-2026
"0747.408.358","AC","000","1",,,05-07-2026
"0748.987.280","AC","000","1",,,01-07-2026
"0750.489.394","AC","000","1",,,15-06-2026
"0755.188.253","AC","000","1",,,15-07-2026
"0757.901.580","AC","000","1",,,15-04-2026
"0763.713.167","AC","000","1",,,01-07-2026
"0763.873.218","AC","000","2","610",,22-02-2021
"0766.533.590","AC","000","1",,,01-07-2026
"0773.770.384","AC","000","1",,,01-07-2026
"0781.034.694","AC","052","1",,,14-03-2006
"0788.462.718","AC","012","2","017",,11-07-2022
"0788.915.252","AC","000","1",,,01-07-2026
"0790.841.196","AC","000","2","610",,15-09-2022
"0804.207.402","AC","050","1",,,24-07-2023
"0804.815.631","AC","000","1",,,23-07-2026
"0811.757.267","AC","012","2","065",,15-05-2009
"0817.990.310","AC","000","2","610",,17-08-2009
"0819.858.648","AC","000","1",,,01-07-2026
"0832.197.246","AC","000","1",,,19-07-2026
"0843.511.010","AC","000","1",,,22-07-2026
"0844.912.362","AC","010","2","612",,02-04-2012
"0872.940.117","AC","012","2","014",,04-04-2005
"0874.744.119","AC","000","1",,,01-07-2026
"0880.608.065","AC","000","1",,,22-07-2026
"0888.412.904","AC","000","1",,,01-07-2026
"0889.887.502","AC","000","2","610",,06-06-2007
"0891.270.939","AC","000","1",,,20-07-2026
"0892.964.380","AC","000","2","610",,22-10-2007
"1001.631.304","AC","050","2","610",,25-10-2023
"1008.146.932","AC","000","1",,,26-07-2026
"1010.473.150","AC","000","1",,,23-07-2026
"1012.919.431","AC","000","1",,,27-07-2026
"1013.123.527","AC","000","1",,,24-07-2026
"1015.405.007","AC","000","1",,,13-07-2026
"1020.216.306","AC","000","1",,,28-07-2026
"1035.391.460","AC","000","1",,,22-07-2026
"1035.921.792","AC","000","1",,,01-04-2026
"1036.811.917","AC","000","1",,,01-01-2025
"1037.402.231","AC","000","1",,,27-07-2026
"1038.069.848","AC","000","2","030",,03-05-2026
"1038.395.292","AC","000","1",,,28-05-2026
"1038.565.637","AC","000","1",,,03-06-2026
"1038.646.801","AC","000","1",,,15-06-2026
"1038.652.640","AC","000","1",,,01-07-2026
"1038.850.105","AC","000","1",,,01-07-2026
"1038.881.183","AC","000","1",,,10-06-2026
"1038.986.103","AC","000","1",,,01-07-2026
"1039.040.838","AC","000","1",,,01-07-2026
"1039.179.707","AC","000","1",,,01-07-2026
"1039.289.276","AC","000","1",,,01-07-2026
"1039.321.643","AC","000","1",,,01-07-2026
"1039.457.641","AC","000","1",,,05-07-2026
"1039.539.201","AC","000","1",,,02-07-2026
"1039.594.431","AC","000","1",,,06-07-2026
"1039.623.927","AC","000","1",,,01-07-2026
"1039.744.879","AC","000","1",,,02-07-2026
"1039.751.215","AC","000","1",,,02-07-2026
"1039.760.024","AC","000","1",,,01-07-2026
"1039.820.501","AC","000","1",,,03-07-2026
"1039.851.579","AC","000","1",,,13-07-2026
"1039.884.936","AC","000","1",,,06-07-2026
"1039.928.288","AC","000","1",,,06-07-2026
"1039.932.248","AC","000","1",,,14-07-2026
"1039.958.378","AC","000","1",,,03-07-2026
"1039.968.177","AC","000","1",,,16-07-2026
"1039.969.761","AC","000","1",,,03-07-2026
"1039.972.038","AC","000","1",,,01-07-2026
"1040.029.743","AC","000","1",,,08-07-2026
"1040.064.583","AC","000","1",,,02-07-2026
"1040.081.906","AC","000","1",,,08-07-2026
"1040.105.858","AC","000","1",,,28-07-2026
"1040.140.106","AC","000","1",,,06-09-1985
"1040.144.658","AC","000","1",,,09-07-2026
"1040.197.118","AC","000","1",,,13-07-2026
"1040.202.264","AC","000","1",,,13-07-2026
"1040.203.452","AC","000","1",,,11-07-2026
"1040.204.640","AC","000","1",,,12-07-2026
"1040.206.026","AC","000","1",,,15-07-2026
"1040.260.068","AC","000","1",,,14-07-2026
"1040.269.966","AC","000","1",,,15-07-2026
"1040.282.537","AC","000","1",,,15-07-2026
"1040.294.316","AC","000","1",,,15-07-2026
"1040.298.868","AC","000","1",,,01-07-2026
"1040.304.016","AC","000","1",,,21-07-2026
"1040.320.842","AC","000","1",,,17-07-2026
"1040.325.394","AC","000","1",,,15-07-2026
"1040.326.879","AC","000","1",,,22-07-2026
"1040.355.385","AC","000","1",,,15-07-2026
"1040.356.870","AC","000","1",,,01-07-2026
"1040.359.939","AC","000","1",,,12-07-2026
"1040.366.669","AC","000","1",,,01-01-2025
"1040.367.758","AC","000","1",,,15-07-2026
"1040.378.052","AC","000","1",,,15-07-2026
"1040.382.210","AC","000","1",,,17-07-2026
"1040.386.663","AC","000","1",,,16-07-2026
"1040.388.940","AC","000","1",,,16-07-2026
"1040.400.422","AC","000","1",,,20-07-2026
"1040.402.994","AC","000","1",,,17-07-2026
"1040.412.991","AC","000","1",,,15-07-2026
"1040.426.849","AC","000","1",,,01-07-2026
"1040.435.559","AC","000","1",,,28-07-2026
"1040.449.417","AC","000","1",,,14-07-2026
"1040.460.206","AC","000","1",,,20-07-2026
"1040.460.503","AC","000","1",,,20-07-2026
"1040.469.312","AC","000","1",,,20-07-2026
"1040.469.906","AC","000","1",,,01-07-2026
"1040.470.005","AC","000","1",,,20-07-2026
"1040.471.884","AC","000","1",,,20-07-2026
"1040.479.210","AC","000","1",,,16-07-2026
"1040.479.408","AC","000","1",,,20-07-2026
"1040.480.101","AC","000","1",,,17-07-2026
"1040.491.680","AC","000","1",,,01-07-2026
"1040.500.390","AC","000","1",,,22-07-2026
"1040.503.459","AC","000","1",,,01-07-2026
"1040.524.047","AC","000","1",,,23-07-2026
"1040.529.193","AC","000","1",,,23-07-2026
"1040.529.391","AC","000","1",,,27-07-2026
"1040.531.272","AC","000","1",,,23-07-2026
"1040.537.113","AC","000","1",,,01-07-2026
"1040.540.180","AC","000","1",,,22-07-2026
"1040.542.655","AC","000","1",,,22-07-2026
"1040.544.833","AC","000","1",,,01-07-2026
"1040.545.724","AC","000","1",,,22-07-2026
"1040.546.516","AC","000","1",,,23-07-2026
"1040.550.969","AC","000","1",,,17-07-2026
"1040.552.751","AC","000","1",,,22-07-2026
"1040.572.844","AC","000","1",,,23-07-2026
"1040.580.366","AC","000","1",,,23-07-2026
"1040.581.356","AC","000","1",,,27-07-2026
"1040.585.415","AC","000","1",,,23-07-2026
"1040.586.009","AC","000","1",,,23-07-2026
"1040.586.306","AC","000","2","030",,22-06-2026
"1040.587.393","AC","000","2","030",,01-07-2026
"1040.588.680","AC","000","1",,,24-07-2026
"1040.588.779","AC","000","2","030",,17-06-2026
"1040.589.472","AC","000","2","030",,01-07-2026
"1040.590.660","AC","000","2","030",,01-06-2026
"1040.591.551","AC","000","2","030",,01-04-2026
"1040.592.145","AC","000","2","030",,15-06-2026
"1040.592.640","AC","000","2","030",,01-01-2026
"1040.592.739","AC","000","1",,,23-07-2026
"1040.593.036","AC","000","2","030",,01-06-2026
"1040.598.479","AC","000","1",,,20-07-2026
"1040.598.875","AC","000","1",,,23-07-2026
"1040.600.855","AC","000","1",,,01-07-2026
"1040.602.637","AC","000","1",,,23-07-2026
"1040.602.934","AC","000","1",,,24-07-2026
"1040.610.357","AC","000","1",,,24-07-2026
"1040.611.248","AC","000","1",,,24-07-2026
"1040.615.307","AC","000","1",,,23-07-2026
"1040.631.539","AC","000","1",,,01-07-2026
"1040.634.608","AC","000","1",,,23-07-2026
"1040.634.707","AC","000","2","030",,01-07-2026
"1040.637.180","AC","000","2","030",,21-05-2026
"1040.637.972","AC","000","2","030",,01-05-2026
"1040.638.764","AC","000","1",,,27-07-2026
"1040.639.259","AC","000","1",,,27-07-2026
"1040.642.328","AC","000","1",,,24-07-2026
"1040.643.813","AC","000","1",,,28-07-2026
"1040.643.912","AC","000","1",,,27-07-2026
"1040.644.209","AC","000","1",,,24-07-2026
"1040.645.692","AC","000","1",,,24-07-2026
"1040.646.880","AC","000","1",,,27-07-2026
"1040.647.969","AC","000","1",,,01-07-2026
"1040.649.454","AC","000","2","610",,27-07-2026
"1040.649.553","AC","000","2","610",,27-07-2026
"1040.649.850","AC","000","2","610",,27-07-2026
"1040.649.949","AC","000","1",,,17-07-2026
"1040.650.147","AC","000","1",,,18-07-2026
"1040.650.246","AC","000","2","610",,27-07-2026
"1040.650.345","AC","000","2","011",,27-07-2026
"1040.650.444","AC","000","1",,,01-07-2026
"1040.650.840","AC","000","1",,,23-07-2026
"1040.651.038","AC","000","2","017",,27-07-2026
"1040.651.236","AC","000","1",,,01-07-2026
"1040.651.335","AC","000","1",,,01-07-2026
"1040.651.434","AC","000","1",,,27-07-2026
"1040.651.533","AC","000","2","610",,27-07-2026
"1040.651.632","AC","000","2","610",,27-07-2026
"1040.651.731","AC","000","2","610",,27-07-2026
"1040.651.830","AC","000","2","610",,27-07-2026
"1040.652.523","AC","000","1",,,13-05-2026
"1040.652.721","AC","000","1",,,27-07-2026
"1040.652.820","AC","000","2","610",,27-07-2026
"1040.652.919","AC","000","2","070",,14-07-2026
"1040.653.018","AC","000","2","610",,27-07-2026
"1040.653.216","AC","000","1",,,27-07-2026
"1040.653.414","AC","000","2","017",,27-07-2026
"1040.653.513","AC","000","1",,,28-07-2026
"1040.653.612","AC","000","2","612",,27-07-2026
"1040.653.711","AC","000","2","610",,27-07-2026
"1040.653.810","AC","000","2","030",,01-07-2026
"1040.654.206","AC","000","2","029",,27-07-2026
"1040.654.503","AC","000","2","610",,27-07-2026
"1040.654.602","AC","000","2","610",,27-07-2026
"1040.654.897","AC","000","2","610",,27-07-2026
"1040.654.996","AC","000","2","610",,27-07-2026
"1040.655.095","AC","000","1",,,22-07-2026
"1040.655.194","AC","000","1",,,01-07-2026
"1040.655.590","AC","000","1",,,28-07-2026
"1040.655.689","AC","000","1",,,16-07-2026
"1040.656.085","AC","000","1",,,20-07-2026
"1040.656.184","AC","000","2","610",,27-07-2026
"1040.656.283","AC","000","2","610",,27-07-2026
"1040.656.481","AC","000","1",,,27-07-2026
"1040.656.679","AC","000","1",,,27-07-2026
"1040.656.778","AC","000","1",,,22-07-2026
"1040.656.976","AC","000","1",,,27-07-2026
"1040.657.075","AC","000","1",,,27-07-2026
"1040.657.471","AC","000","1",,,21-07-2026
"1040.657.570","AC","000","2","610",,27-07-2026
"1040.657.669","AC","000","2","612",,27-07-2026
"1040.657.867","AC","000","1",,,20-07-2026
"1040.657.966","AC","000","1",,,22-07-2026
"1040.658.065","AC","000","2","011",,27-07-2026
"1040.658.362","AC","000","2","011",,27-07-2026
"1040.658.560","AC","000","2","610",,27-07-2026
"1040.658.659","AC","000","2","610",,27-07-2026
"1040.658.758","AC","000","2","610",,27-07-2026
"1040.658.857","AC","000","2","610",,27-07-2026
"1040.658.956","AC","000","2","610",,27-07-2026
"1040.659.055","AC","000","1",,,13-07-2026
"1040.659.154","AC","000","2","612",,27-07-2026
"1040.659.253","AC","000","2","612",,27-07-2026
"1040.659.352","AC","000","2","610",,27-07-2026
"1040.659.748","AC","000","2","610",,27-07-2026
"1040.659.847","AC","000","2","030",,01-07-2026
"1040.659.946","AC","000","2","610",,27-07-2026
"1040.660.045","AC","000","2","610",,27-07-2026
"1040.660.144","AC","000","2","612",,27-07-2026
"1040.660.540","AC","000","2","017",,27-07-2026
"1040.660.639","AC","000","2","610",,27-07-2026
"1040.660.738","AC","000","1",,,01-07-2026
"1040.660.837","AC","000","1",,,20-07-2026
"1040.661.332","AC","000","1",,,25-07-2026
"1040.661.431","AC","000","2","610",,27-07-2026
"1040.661.530","AC","000","2","612",,27-07-2026
"1040.661.629","AC","000","1",,,28-07-2026
"1040.661.728","AC","000","1",,,01-07-2026
"1040.661.827","AC","000","1",,,27-07-2026
"1040.661.926","AC","000","2","610",,27-07-2026
"1040.662.223","AC","000","2","003",,27-07-2026
"1040.662.322","AC","000","1",,,27-07-2026
"1040.662.421","AC","000","2","017",,27-07-2026
"1040.662.916","AC","000","2","610",,27-07-2026
"1040.663.114","AC","000","2","610",,27-07-2026
"1040.663.312","AC","000","2","610",,27-07-2026
"1040.663.411","AC","000","1",,,27-07-2026
"1040.663.510","AC","000","1",,,14-07-2026
"1040.663.609","AC","000","2","017",,27-07-2026
"1040.663.807","AC","000","2","610",,27-07-2026
"1040.663.906","AC","000","1",,,24-07-2026
"1040.664.104","AC","000","1",,,20-07-2026
"1040.664.203","AC","000","2","610",,27-07-2026
"1040.664.401","AC","000","2","610",,27-07-2026
"1040.664.696","AC","000","1",,,27-07-2026
"1040.664.894","AC","000","2","610",,27-07-2026
"1040.665.092","AC","000","2","612",,27-07-2026
"1040.665.389","AC","000","2","610",,27-07-2026
"1040.665.488","AC","000","1",,,27-07-2026
"1040.665.587","AC","000","2","610",,27-07-2026
"1040.665.686","AC","000","2","610",,27-07-2026
"1040.665.785","AC","000","2","610",,27-07-2026
"1040.665.884","AC","000","2","610",,27-07-2026
"1040.665.983","AC","000","2","017",,27-07-2026
"1040.667.171","AC","000","1",,,26-07-2026
"1040.667.270","AC","000","1",,,25-07-2026
"1040.669.745","AC","000","2","011",,27-07-2026
"1040.670.141","AC","000","2","612",,27-07-2026
"1040.670.240","AC","000","1",,,27-07-2026
"1040.670.933","AC","000","1",,,25-07-2026
"1040.671.626","AC","000","1",,,27-07-2026
"1040.672.022","AC","000","1",,,27-07-2026
"1040.672.715","AC","000","1",,,23-07-2026
"1040.673.111","AC","000","2","610",,27-07-2026
"1040.673.507","AC","000","2","030",,14-07-2026
"1040.673.606","AC","000","1",,,28-07-2026
"1040.673.705","AC","000","1",,,27-07-2026
"1040.674.101","AC","000","2","610",,27-07-2026
"1040.674.396","AC","000","1",,,27-07-2026
"1040.674.495","AC","000","2","610",,27-07-2026
"1040.674.693","AC","000","2","610",,27-07-2026
"1040.675.188","AC","000","2","612",,27-07-2026
"1040.676.079","AC","000","2","017",,27-07-2026
"1040.676.376","AC","000","2","610",,27-07-2026
"1040.676.475","AC","000","2","610",,27-07-2026
"1040.676.871","AC","000","2","030",,01-06-2026
"1040.677.168","AC","000","2","610",,27-07-2026
"1040.677.267","AC","000","2","610",,27-07-2026
"1040.677.366","AC","000","2","610",,27-07-2026
"1040.677.663","AC","000","2","612",,27-07-2026
"1040.677.960","AC","000","2","610",,27-07-2026
"1040.678.059","AC","000","2","610",,27-07-2026
"1040.678.158","AC","000","1",,,27-07-2026
"1040.678.257","AC","000","2","612",,27-07-2026
"1040.678.356","AC","000","1",,,27-07-2026
"1040.678.752","AC","000","1",,,16-07-2026
"1040.678.851","AC","000","2","610",,27-07-2026
"1040.679.049","AC","000","1",,,11-06-2026
"1040.679.148","AC","000","2","610",,27-07-2026
"1040.679.643","AC","000","2","070",,17-06-2026
"1040.679.742","AC","000","1",,,23-07-2026
"1040.679.940","AC","000","2","610",,27-07-2026
"1040.680.138","AC","000","2","610",,27-07-2026
"1040.680.237","AC","000","1",,,01-07-2026
"1040.680.435","AC","000","2","612",,27-07-2026
"1040.680.633","AC","000","1",,,27-07-2026
"1040.680.732","AC","000","2","610",,27-07-2026
"1040.681.425","AC","000","2","610",,27-07-2026
"1040.681.524","AC","000","2","610",,27-07-2026
"1040.681.623","AC","000","2","017",,27-07-2026
"1040.681.722","AC","000","2","610",,27-07-2026
"1040.681.821","AC","000","1",,,27-07-2026
"1040.682.019","AC","000","2","610",,27-07-2026
"1040.682.118","AC","000","2","610",,27-07-2026
"1040.682.316","AC","000","2","610",,27-07-2026
"1040.682.415","AC","000","2","610",,27-07-2026
"1040.682.514","AC","000","1",,,27-07-2026
"1040.682.613","AC","000","2","017",,27-07-2026
"1040.683.603","AC","000","1",,,24-07-2026
"1040.683.702","AC","000","2","610",,27-07-2026
"1040.683.801","AC","000","2","610",,27-07-2026
"1040.683.997","AC","000","2","610",,27-07-2026
"1040.684.195","AC","000","1",,,24-07-2026
"1040.684.294","AC","000","2","026",,27-07-2026
"1040.684.393","AC","000","1",,,27-07-2026
"1040.684.591","AC","000","2","610",,27-07-2026
"1040.685.086","AC","000","2","610",,27-07-2026
"1040.685.185","AC","000","2","070",,08-07-2026
"1040.685.284","AC","000","1",,,01-06-2026
"1040.685.383","AC","000","2","610",,27-07-2026
"1040.685.482","AC","000","1",,,28-07-2026
"1040.685.878","AC","000","2","610",,27-07-2026
"1040.685.977","AC","000","1",,,27-07-2026
"1040.686.076","AC","000","2","610",,27-07-2026
"1040.686.274","AC","000","2","070",,08-07-2026
"1040.686.373","AC","000","2","610",,27-07-2026
"1040.686.571","AC","000","2","610",,27-07-2026
"1040.686.868","AC","000","2","610",,27-07-2026
"1040.686.967","AC","000","2","070",,08-07-2026
"1040.687.066","AC","000","2","610",,27-07-2026
"1040.687.264","AC","000","2","610",,27-07-2026
"1040.687.363","AC","000","2","610",,27-07-2026
"1040.687.858","AC","000","2","011",,27-07-2026
"1040.687.957","AC","000","2","070",,01-08-1995
"1040.688.155","AC","000","1",,,27-07-2026
"1040.688.452","AC","000","1",,,27-07-2026
"1040.688.848","AC","000","2","610",,27-07-2026
"1040.688.947","AC","000","2","610",,27-07-2026
"1040.689.145","AC","000","2","610",,27-07-2026
"1040.689.244","AC","000","2","610",,27-07-2026
"1040.689.541","AC","000","1",,,13-07-2026
"1040.689.640","AC","000","2","612",,27-07-2026
"1040.689.739","AC","000","2","612",,27-07-2026
"1040.689.937","AC","000","2","610",,27-07-2026
"1040.690.135","AC","000","2","026",,27-07-2026
"1040.690.234","AC","000","2","610",,27-07-2026
"1040.690.333","AC","000","1",,,10-07-2026
"1040.690.432","AC","000","1",,,01-07-2026
"1040.690.828","AC","000","1",,,27-07-2026
"1040.690.927","AC","000","1",,,01-07-2026
"1040.691.125","AC","000","2","610",,27-07-2026
"1040.691.224","AC","000","2","610",,27-07-2026
"1040.691.422","AC","000","2","011",,27-07-2026
"1040.691.719","AC","000","1",,,08-07-2026
"1040.692.016","AC","000","2","610",,27-07-2026
"1040.692.214","AC","000","1",,,01-07-2026
"1040.692.412","AC","000","2","610",,27-07-2026
"1040.692.808","AC","000","2","610",,27-07-2026
"1040.693.105","AC","000","1",,,23-07-2026
"1040.693.303","AC","000","2","610",,27-07-2026
"1040.693.402","AC","000","2","610",,27-07-2026
"1040.693.501","AC","000","2","612",,27-07-2026
"1040.693.796","AC","000","2","610",,27-07-2026
"1040.693.994","AC","000","2","610",,27-07-2026
"1040.694.093","AC","000","2","026",,27-07-2026
"1040.694.192","AC","000","2","610",,27-07-2026
"1040.694.390","AC","000","2","610",,27-07-2026
"1040.694.489","AC","000","2","610",,27-07-2026
"1040.694.588","AC","000","2","070",,13-07-2026
"1040.694.687","AC","000","2","610",,27-07-2026
"1040.694.786","AC","000","2","610",,27-07-2026
"1040.694.885","AC","000","2","612",,27-07-2026
"1040.694.984","AC","000","2","610",,27-07-2026
"1040.695.380","AC","000","2","610",,27-07-2026
"1040.695.479","AC","000","2","610",,27-07-2026
"1040.695.677","AC","000","2","612",,27-07-2026
"1040.695.776","AC","000","2","017",,27-07-2026
"1040.695.875","AC","000","2","610",,27-07-2026
"1040.696.073","AC","000","2","017",,27-07-2026
"1040.696.370","AC","000","2","610",,27-07-2026
"1040.696.469","AC","000","2","612",,27-07-2026
"1040.696.865","AC","000","2","610",,27-07-2026
"1040.696.964","AC","000","2","017",,27-07-2026
"1040.697.063","AC","000","2","610",,27-07-2026
"1040.697.360","AC","000","2","017",,27-07-2026
"1040.697.459","AC","000","2","017",,27-07-2026
"1040.697.954","AC","000","2","610",,27-07-2026
"1040.698.053","AC","000","2","017",,27-07-2026
"1040.698.152","AC","000","2","017",,27-07-2026
"1040.698.350","AC","000","2","610",,27-07-2026
"1040.699.142","AC","000","2","610",,27-07-2026
"1040.699.241","AC","000","2","610",,27-07-2026
"1040.699.637","AC","000","2","612",,27-07-2026
